SourceListName,SourceFlowName,SourceFlowUUID,SourceFlowContext,SourceUnit,MatchCondition,ConversionFactor,TargetListName,TargetFlowName,TargetFlowUUID,TargetFlowContext,TargetUnit,Mapper,Verifier,LastUpdated,MemoMapper,MemoVerifier,MemoSource,MemoTarget
SimaPro9.4,Acrylate,3D3663F5-7A78-45C6-ABE1-609DB7FDA98C,Emissions to water/groundwater,kg,=,1.0,ecoinventEFv3.7,"Acrylate, ion",233ed5ca-7df0-4cf6-9271-21459ecd5c23,water/ground-,kg,Chris Mutel,,2023-01-10T17:34:41.770018+01:00,Automated match. Notebook: Match - Match emissions with suffix ion,,,
SimaPro9.4,Acrylate,3D3663F5-7A78-45C6-ABE1-609DB7FDA98C,"Emissions to water/groundwater, long-term",kg,=,1.0,ecoinventEFv3.7,"Acrylate, ion",d18ec0cf-b4d2-43e6-abe2-19170a40659a,"water/ground-, long-term",kg,Chris Mutel,,2023-01-10T17:34:41.770018+01:00,Automated match. Notebook: Match - Match emissions with suffix ion,,,
SimaPro9.4,Acrylate,3D3663F5-7A78-45C6-ABE1-609DB7FDA98C,Emissions to water/ocean,kg,=,1.0,ecoinventEFv3.7,"Acrylate, ion",6446e9ba-9cdd-410e-aae3-41d71d971750,water/ocean,kg,Chris Mutel,,2023-01-10T17:34:41.770018+01:00,Automated match. Notebook: Match - Match emissions with suffix ion,,,
SimaPro9.4,Acrylate,3D3663F5-7A78-45C6-ABE1-609DB7FDA98C,Emissions to water/lake,kg,=,1.0,ecoinventEFv3.7,"Acrylate, ion",eabb67d6-08cc-4c6e-ad95-6509e778730a,water/surface water,kg,Chris Mutel,,2023-01-10T17:34:41.770018+01:00,Automated match. Notebook: Match - Match emissions with suffix ion,,,
SimaPro9.4,Acrylate,3D3663F5-7A78-45C6-ABE1-609DB7FDA98C,Emissions to water/river,kg,=,1.0,ecoinventEFv3.7,"Acrylate, ion",eabb67d6-08cc-4c6e-ad95-6509e778730a,water/surface water,kg,Chris Mutel,,2023-01-10T17:34:41.770018+01:00,Automated match. Notebook: Match - Match emissions with suffix ion,,,
SimaPro9.4,Acrylate,3D3663F5-7A78-45C6-ABE1-609DB7FDA98C,"Emissions to water/river, long-term",kg,=,1.0,ecoinventEFv3.7,"Acrylate, ion",eabb67d6-08cc-4c6e-ad95-6509e778730a,water/surface water,kg,Chris Mutel,,2023-01-10T17:34:41.770018+01:00,Automated match. Notebook: Match - Match emissions with suffix ion,,,
SimaPro9.4,Acrylate,3D3663F5-7A78-45C6-ABE1-609DB7FDA98C,Emissions to water/(unspecified),kg,=,1.0,ecoinventEFv3.7,"Acrylate, ion",37f69770-85d0-4af3-a612-41e9d314f5bb,water/unspecified,kg,Chris Mutel,,2023-01-10T17:34:41.770018+01:00,Automated match. Notebook: Match - Match emissions with suffix ion,,,
SimaPro9.4,Arsenic,665EA48D-DF6C-4213-911C-CDC2ACDE374D,Emissions to water/groundwater,kg,=,1.0,ecoinventEFv3.7,"Arsenic, ion",1f607ae2-b42d-4411-90b8-e9bbac66a554,water/ground-,kg,Chris Mutel,,2023-01-10T17:34:41.770018+01:00,Automated match. Notebook: Match - Match emissions with suffix ion,,,
SimaPro9.4,Arsenic,665EA48D-DF6C-4213-911C-CDC2ACDE374D,"Emissions to water/groundwater, long-term",kg,=,1.0,ecoinventEFv3.7,"Arsenic, ion",e60edb16-3c74-415b-9aff-a22a6f49fecb,"water/ground-, long-term",kg,Chris Mutel,,2023-01-10T17:34:41.770018+01:00,Automated match. Notebook: Match - Match emissions with suffix ion,,,
SimaPro9.4,Arsenic,665EA48D-DF6C-4213-911C-CDC2ACDE374D,Emissions to water/ocean,kg,=,1.0,ecoinventEFv3.7,"Arsenic, ion",d70b4182-d633-4178-84c0-8854f5f6594b,water/ocean,kg,Chris Mutel,,2023-01-10T17:34:41.770018+01:00,Automated match. Notebook: Match - Match emissions with suffix ion,,,
SimaPro9.4,Arsenic,665EA48D-DF6C-4213-911C-CDC2ACDE374D,Emissions to water/lake,kg,=,1.0,ecoinventEFv3.7,"Arsenic, ion",8c8ffaa5-84ed-4668-ba7d-80fd0f47013f,water/surface water,kg,Chris Mutel,,2023-01-10T17:34:41.770018+01:00,Automated match. Notebook: Match - Match emissions with suffix ion,,,
SimaPro9.4,Arsenic,665EA48D-DF6C-4213-911C-CDC2ACDE374D,Emissions to water/river,kg,=,1.0,ecoinventEFv3.7,"Arsenic, ion",8c8ffaa5-84ed-4668-ba7d-80fd0f47013f,water/surface water,kg,Chris Mutel,,2023-01-10T17:34:41.770018+01:00,Automated match. Notebook: Match - Match emissions with suffix ion,,,
SimaPro9.4,Arsenic,665EA48D-DF6C-4213-911C-CDC2ACDE374D,"Emissions to water/river, long-term",kg,=,1.0,ecoinventEFv3.7,"Arsenic, ion",8c8ffaa5-84ed-4668-ba7d-80fd0f47013f,water/surface water,kg,Chris Mutel,,2023-01-10T17:34:41.770018+01:00,Automated match. Notebook: Match - Match emissions with suffix ion,,,
SimaPro9.4,Arsenic,665EA48D-DF6C-4213-911C-CDC2ACDE374D,Emissions to water/(unspecified),kg,=,1.0,ecoinventEFv3.7,"Arsenic, ion",e1bd008f-c3c2-47f1-ab60-35e1a842acc0,water/unspecified,kg,Chris Mutel,,2023-01-10T17:34:41.770018+01:00,Automated match. Notebook: Match - Match emissions with suffix ion,,,
SimaPro9.4,Cadmium,7E9DE1E7-ABEB-4849-AB5F-CDA83A1F48A6,Emissions to water/groundwater,kg,=,1.0,ecoinventEFv3.7,"Cadmium, ion",3937f5a5-b4a4-434d-9fc3-1d29064fc3f8,water/ground-,kg,Chris Mutel,,2023-01-10T17:34:41.770018+01:00,Automated match. Notebook: Match - Match emissions with suffix ion,,,
SimaPro9.4,Cadmium,7E9DE1E7-ABEB-4849-AB5F-CDA83A1F48A6,"Emissions to water/groundwater, long-term",kg,=,1.0,ecoinventEFv3.7,"Cadmium, ion",4ce23896-a82f-49f1-a8e3-8848734805a3,"water/ground-, long-term",kg,Chris Mutel,,2023-01-10T17:34:41.770018+01:00,Automated match. Notebook: Match - Match emissions with suffix ion,,,
SimaPro9.4,Cadmium,7E9DE1E7-ABEB-4849-AB5F-CDA83A1F48A6,Emissions to water/ocean,kg,=,1.0,ecoinventEFv3.7,"Cadmium, ion",62fcd384-906d-474f-a84b-9f944b78f804,water/ocean,kg,Chris Mutel,,2023-01-10T17:34:41.770018+01:00,Automated match. Notebook: Match - Match emissions with suffix ion,,,
SimaPro9.4,Cadmium,7E9DE1E7-ABEB-4849-AB5F-CDA83A1F48A6,Emissions to water/lake,kg,=,1.0,ecoinventEFv3.7,"Cadmium, ion",af83b42f-a4e6-4457-be74-46a87798f82a,water/surface water,kg,Chris Mutel,,2023-01-10T17:34:41.770018+01:00,Automated match. Notebook: Match - Match emissions with suffix ion,,,
SimaPro9.4,Cadmium,7E9DE1E7-ABEB-4849-AB5F-CDA83A1F48A6,Emissions to water/river,kg,=,1.0,ecoinventEFv3.7,"Cadmium, ion",af83b42f-a4e6-4457-be74-46a87798f82a,water/surface water,kg,Chris Mutel,,2023-01-10T17:34:41.770018+01:00,Automated match. Notebook: Match - Match emissions with suffix ion,,,
SimaPro9.4,Cadmium,7E9DE1E7-ABEB-4849-AB5F-CDA83A1F48A6,"Emissions to water/river, long-term",kg,=,1.0,ecoinventEFv3.7,"Cadmium, ion",af83b42f-a4e6-4457-be74-46a87798f82a,water/surface water,kg,Chris Mutel,,2023-01-10T17:34:41.770018+01:00,Automated match. Notebook: Match - Match emissions with suffix ion,,,
SimaPro9.4,Cadmium,7E9DE1E7-ABEB-4849-AB5F-CDA83A1F48A6,Emissions to water/(unspecified),kg,=,1.0,ecoinventEFv3.7,"Cadmium, ion",2712fe5f-0d3c-4c8e-8bc4-26c604413849,water/unspecified,kg,Chris Mutel,,2023-01-10T17:34:41.770018+01:00,Automated match. Notebook: Match - Match emissions with suffix ion,,,
SimaPro9.4,Calcium,4BF69177-C377-4A35-AEB7-B3179281CB02,Emissions to water/groundwater,kg,=,1.0,ecoinventEFv3.7,"Calcium, ion",1d0f4392-8c91-4d01-8a5d-f8fe1f5b05c9,water/ground-,kg,Chris Mutel,,2023-01-10T17:34:41.770018+01:00,Automated match. Notebook: Match - Match emissions with suffix ion,,,
SimaPro9.4,Calcium,4BF69177-C377-4A35-AEB7-B3179281CB02,"Emissions to water/groundwater, long-term",kg,=,1.0,ecoinventEFv3.7,"Calcium, ion",ae28c923-a4a3-4f00-b862-1ae6e748efb9,"water/ground-, long-term",kg,Chris Mutel,,2023-01-10T17:34:41.770018+01:00,Automated match. Notebook: Match - Match emissions with suffix ion,,,
SimaPro9.4,Calcium,4BF69177-C377-4A35-AEB7-B3179281CB02,Emissions to water/ocean,kg,=,1.0,ecoinventEFv3.7,"Calcium, ion",55bf893f-0d89-429c-be59-2f99b33ddb11,water/ocean,kg,Chris Mutel,,2023-01-10T17:34:41.770018+01:00,Automated match. Notebook: Match - Match emissions with suffix ion,,,
SimaPro9.4,Calcium,4BF69177-C377-4A35-AEB7-B3179281CB02,Emissions to water/lake,kg,=,1.0,ecoinventEFv3.7,"Calcium, ion",ac066c02-b403-407b-a1f0-b29ad0f8188f,water/surface water,kg,Chris Mutel,,2023-01-10T17:34:41.770018+01:00,Automated match. Notebook: Match - Match emissions with suffix ion,,,
SimaPro9.4,Calcium,4BF69177-C377-4A35-AEB7-B3179281CB02,Emissions to water/river,kg,=,1.0,ecoinventEFv3.7,"Calcium, ion",ac066c02-b403-407b-a1f0-b29ad0f8188f,water/surface water,kg,Chris Mutel,,2023-01-10T17:34:41.770018+01:00,Automated match. Notebook: Match - Match emissions with suffix ion,,,
SimaPro9.4,Calcium,4BF69177-C377-4A35-AEB7-B3179281CB02,"Emissions to water/river, long-term",kg,=,1.0,ecoinventEFv3.7,"Calcium, ion",ac066c02-b403-407b-a1f0-b29ad0f8188f,water/surface water,kg,Chris Mutel,,2023-01-10T17:34:41.770018+01:00,Automated match. Notebook: Match - Match emissions with suffix ion,,,
SimaPro9.4,Calcium,4BF69177-C377-4A35-AEB7-B3179281CB02,Emissions to water/(unspecified),kg,=,1.0,ecoinventEFv3.7,"Calcium, ion",08151735-9d1b-4b1c-a8b1-f341ade54f2f,water/unspecified,kg,Chris Mutel,,2023-01-10T17:34:41.770018+01:00,Automated match. Notebook: Match - Match emissions with suffix ion,,,
SimaPro9.4,Chloride,0185C291-C38B-4330-8636-CB75ED1EC14F,Emissions to water/(unspecified),kg,=,1.0,ecoinventEFv3.7,"Chloride, ion",c4e01cfb-2f50-52d5-8177-1518ad8b7bea,water/unspecified,kg,Chris Mutel,,2023-01-10T17:34:41.770018+01:00,Automated match. Notebook: Match - Match emissions with suffix ion,,,
SimaPro9.4,Chromium,94C3CD6E-9C3C-448B-912C-53545252C0D0,Emissions to water/groundwater,kg,=,1.0,ecoinventEFv3.7,"Chromium, ion",1c87de06-e58f-4684-a54c-d29f1a251a87,water/ground-,kg,Chris Mutel,,2023-01-10T17:34:41.770018+01:00,Automated match. Notebook: Match - Match emissions with suffix ion,,,
SimaPro9.4,Chromium,94C3CD6E-9C3C-448B-912C-53545252C0D0,"Emissions to water/groundwater, long-term",kg,=,1.0,ecoinventEFv3.7,"Chromium, ion",d9c23a8d-e7bf-4f70-8d22-b9ad8a653204,"water/ground-, long-term",kg,Chris Mutel,,2023-01-10T17:34:41.770018+01:00,Automated match. Notebook: Match - Match emissions with suffix ion,,,
SimaPro9.4,Chromium,94C3CD6E-9C3C-448B-912C-53545252C0D0,Emissions to water/ocean,kg,=,1.0,ecoinventEFv3.7,"Chromium, ion",d98f0ec0-bf19-4c90-a457-a8593dec497f,water/ocean,kg,Chris Mutel,,2023-01-10T17:34:41.770018+01:00,Automated match. Notebook: Match - Match emissions with suffix ion,,,
SimaPro9.4,Chromium,94C3CD6E-9C3C-448B-912C-53545252C0D0,Emissions to water/lake,kg,=,1.0,ecoinventEFv3.7,"Chromium, ion",e34d3da4-a3d5-41be-84b5-458afe32c990,water/surface water,kg,Chris Mutel,,2023-01-10T17:34:41.770018+01:00,Automated match. Notebook: Match - Match emissions with suffix ion,,,
SimaPro9.4,Chromium,94C3CD6E-9C3C-448B-912C-53545252C0D0,Emissions to water/river,kg,=,1.0,ecoinventEFv3.7,"Chromium, ion",e34d3da4-a3d5-41be-84b5-458afe32c990,water/surface water,kg,Chris Mutel,,2023-01-10T17:34:41.770018+01:00,Automated match. Notebook: Match - Match emissions with suffix ion,,,
SimaPro9.4,Chromium,94C3CD6E-9C3C-448B-912C-53545252C0D0,"Emissions to water/river, long-term",kg,=,1.0,ecoinventEFv3.7,"Chromium, ion",e34d3da4-a3d5-41be-84b5-458afe32c990,water/surface water,kg,Chris Mutel,,2023-01-10T17:34:41.770018+01:00,Automated match. Notebook: Match - Match emissions with suffix ion,,,
SimaPro9.4,Chromium,94C3CD6E-9C3C-448B-912C-53545252C0D0,Emissions to water/(unspecified),kg,=,1.0,ecoinventEFv3.7,"Chromium, ion",30f484ee-dec4-47ae-8e92-d00d4b93fe05,water/unspecified,kg,Chris Mutel,,2023-01-10T17:34:41.770018+01:00,Automated match. Notebook: Match - Match emissions with suffix ion,,,
SimaPro9.4,Copper,F277F190-A8A4-4A2D-AAF6-F6CB3772A545,Emissions to water/groundwater,kg,=,1.0,ecoinventEFv3.7,"Copper, ion",c3b659e5-35f1-408c-8cb5-b5f9b295c76e,water/ground-,kg,Chris Mutel,,2023-01-10T17:34:41.770018+01:00,Automated match. Notebook: Match - Match emissions with suffix ion,,,
SimaPro9.4,Copper,F277F190-A8A4-4A2D-AAF6-F6CB3772A545,"Emissions to water/groundwater, long-term",kg,=,1.0,ecoinventEFv3.7,"Copper, ion",40229ebf-9346-4f20-910a-f8ea3bd88d44,"water/ground-, long-term",kg,Chris Mutel,,2023-01-10T17:34:41.770018+01:00,Automated match. Notebook: Match - Match emissions with suffix ion,,,
SimaPro9.4,Copper,F277F190-A8A4-4A2D-AAF6-F6CB3772A545,Emissions to water/ocean,kg,=,1.0,ecoinventEFv3.7,"Copper, ion",d8f9ccf6-fd32-4348-83c0-1cee724af9ae,water/ocean,kg,Chris Mutel,,2023-01-10T17:34:41.770018+01:00,Automated match. Notebook: Match - Match emissions with suffix ion,,,
SimaPro9.4,Copper,F277F190-A8A4-4A2D-AAF6-F6CB3772A545,Emissions to water/lake,kg,=,1.0,ecoinventEFv3.7,"Copper, ion",6d9550e2-e670-44c1-bad8-c0c4975ffca7,water/surface water,kg,Chris Mutel,,2023-01-10T17:34:41.770018+01:00,Automated match. Notebook: Match - Match emissions with suffix ion,,,
SimaPro9.4,Copper,F277F190-A8A4-4A2D-AAF6-F6CB3772A545,Emissions to water/river,kg,=,1.0,ecoinventEFv3.7,"Copper, ion",6d9550e2-e670-44c1-bad8-c0c4975ffca7,water/surface water,kg,Chris Mutel,,2023-01-10T17:34:41.770018+01:00,Automated match. Notebook: Match - Match emissions with suffix ion,,,
SimaPro9.4,Copper,F277F190-A8A4-4A2D-AAF6-F6CB3772A545,"Emissions to water/river, long-term",kg,=,1.0,ecoinventEFv3.7,"Copper, ion",6d9550e2-e670-44c1-bad8-c0c4975ffca7,water/surface water,kg,Chris Mutel,,2023-01-10T17:34:41.770018+01:00,Automated match. Notebook: Match - Match emissions with suffix ion,,,
SimaPro9.4,Copper,F277F190-A8A4-4A2D-AAF6-F6CB3772A545,Emissions to water/(unspecified),kg,=,1.0,ecoinventEFv3.7,"Copper, ion",615b1460-6860-4cf6-8678-ad92c03c5e8b,water/unspecified,kg,Chris Mutel,,2023-01-10T17:34:41.770018+01:00,Automated match. Notebook: Match - Match emissions with suffix ion,,,
SimaPro9.4,Iron,5B421B92-2E49-48AE-91F1-A0470EF27DD7,Emissions to water/groundwater,kg,=,1.0,ecoinventEFv3.7,"Iron, ion",33fd8342-58e7-45c9-ad92-0951c002c403,water/ground-,kg,Chris Mutel,,2023-01-10T17:34:41.770018+01:00,Automated match. Notebook: Match - Match emissions with suffix ion,,,
SimaPro9.4,Iron,5B421B92-2E49-48AE-91F1-A0470EF27DD7,"Emissions to water/groundwater, long-term",kg,=,1.0,ecoinventEFv3.7,"Iron, ion",9b6d6f07-ebc6-447d-a3c0-f2017d77d852,"water/ground-, long-term",kg,Chris Mutel,,2023-01-10T17:34:41.770018+01:00,Automated match. Notebook: Match - Match emissions with suffix ion,,,
SimaPro9.4,Iron,5B421B92-2E49-48AE-91F1-A0470EF27DD7,Emissions to water/ocean,kg,=,1.0,ecoinventEFv3.7,"Iron, ion",2c9a7182-37c8-4777-a37a-9a007c3edb2f,water/ocean,kg,Chris Mutel,,2023-01-10T17:34:41.770018+01:00,Automated match. Notebook: Match - Match emissions with suffix ion,,,
SimaPro9.4,Iron,5B421B92-2E49-48AE-91F1-A0470EF27DD7,Emissions to water/lake,kg,=,1.0,ecoinventEFv3.7,"Iron, ion",7c335b9c-a403-47a8-bb6d-2e7d3c3a230e,water/surface water,kg,Chris Mutel,,2023-01-10T17:34:41.770018+01:00,Automated match. Notebook: Match - Match emissions with suffix ion,,,
SimaPro9.4,Iron,5B421B92-2E49-48AE-91F1-A0470EF27DD7,Emissions to water/river,kg,=,1.0,ecoinventEFv3.7,"Iron, ion",7c335b9c-a403-47a8-bb6d-2e7d3c3a230e,water/surface water,kg,Chris Mutel,,2023-01-10T17:34:41.770018+01:00,Automated match. Notebook: Match - Match emissions with suffix ion,,,
SimaPro9.4,Iron,5B421B92-2E49-48AE-91F1-A0470EF27DD7,"Emissions to water/river, long-term",kg,=,1.0,ecoinventEFv3.7,"Iron, ion",7c335b9c-a403-47a8-bb6d-2e7d3c3a230e,water/surface water,kg,Chris Mutel,,2023-01-10T17:34:41.770018+01:00,Automated match. Notebook: Match - Match emissions with suffix ion,,,
SimaPro9.4,Iron,5B421B92-2E49-48AE-91F1-A0470EF27DD7,Emissions to water/(unspecified),kg,=,1.0,ecoinventEFv3.7,"Iron, ion",de444dc0-5964-4501-8367-50ba53bfc6b9,water/unspecified,kg,Chris Mutel,,2023-01-10T17:34:41.770018+01:00,Automated match. Notebook: Match - Match emissions with suffix ion,,,
SimaPro9.4,Lithium,87F4839B-EED8-4C40-B0CE-D3FF69DFFC3A,Emissions to water/groundwater,kg,=,1.0,ecoinventEFv3.7,"Lithium, ion",09cf7c11-0269-4fc1-a5f3-47121a7882d3,water/ground-,kg,Chris Mutel,,2023-01-10T17:34:41.770018+01:00,Automated match. Notebook: Match - Match emissions with suffix ion,,,
SimaPro9.4,Lithium,87F4839B-EED8-4C40-B0CE-D3FF69DFFC3A,"Emissions to water/groundwater, long-term",kg,=,1.0,ecoinventEFv3.7,"Lithium, ion",c44b0e3b-e65e-4276-aa1f-3db768757b66,"water/ground-, long-term",kg,Chris Mutel,,2023-01-10T17:34:41.770018+01:00,Automated match. Notebook: Match - Match emissions with suffix ion,,,
SimaPro9.4,Lithium,87F4839B-EED8-4C40-B0CE-D3FF69DFFC3A,Emissions to water/ocean,kg,=,1.0,ecoinventEFv3.7,"Lithium, ion",cf88e72e-13bc-416c-ac41-7d4b24bda86a,water/ocean,kg,Chris Mutel,,2023-01-10T17:34:41.770018+01:00,Automated match. Notebook: Match - Match emissions with suffix ion,,,
SimaPro9.4,Lithium,87F4839B-EED8-4C40-B0CE-D3FF69DFFC3A,Emissions to water/lake,kg,=,1.0,ecoinventEFv3.7,"Lithium, ion",e98084d6-88a2-48cf-9ad5-6462fe9cf857,water/surface water,kg,Chris Mutel,,2023-01-10T17:34:41.770018+01:00,Automated match. Notebook: Match - Match emissions with suffix ion,,,
SimaPro9.4,Lithium,87F4839B-EED8-4C40-B0CE-D3FF69DFFC3A,Emissions to water/river,kg,=,1.0,ecoinventEFv3.7,"Lithium, ion",e98084d6-88a2-48cf-9ad5-6462fe9cf857,water/surface water,kg,Chris Mutel,,2023-01-10T17:34:41.770018+01:00,Automated match. Notebook: Match - Match emissions with suffix ion,,,
SimaPro9.4,Lithium,87F4839B-EED8-4C40-B0CE-D3FF69DFFC3A,"Emissions to water/river, long-term",kg,=,1.0,ecoinventEFv3.7,"Lithium, ion",e98084d6-88a2-48cf-9ad5-6462fe9cf857,water/surface water,kg,Chris Mutel,,2023-01-10T17:34:41.770018+01:00,Automated match. Notebook: Match - Match emissions with suffix ion,,,
SimaPro9.4,Lithium,87F4839B-EED8-4C40-B0CE-D3FF69DFFC3A,Emissions to water/(unspecified),kg,=,1.0,ecoinventEFv3.7,"Lithium, ion",eb2bfdf1-1881-40e8-bebb-d674b2a79149,water/unspecified,kg,Chris Mutel,,2023-01-10T17:34:41.770018+01:00,Automated match. Notebook: Match - Match emissions with suffix ion,,,
SimaPro9.4,Nickel,85D53983-1843-4FB4-ADF3-90C6612FF7D2,Emissions to water/groundwater,kg,=,1.0,ecoinventEFv3.7,"Nickel, ion",e030108f-2125-4bcb-a73b-ad72130fcca3,water/ground-,kg,Chris Mutel,,2023-01-10T17:34:41.770018+01:00,Automated match. Notebook: Match - Match emissions with suffix ion,,,
SimaPro9.4,Nickel,85D53983-1843-4FB4-ADF3-90C6612FF7D2,"Emissions to water/groundwater, long-term",kg,=,1.0,ecoinventEFv3.7,"Nickel, ion",9f69cb8e-51fe-447b-a1ac-4da74de8ebe4,"water/ground-, long-term",kg,Chris Mutel,,2023-01-10T17:34:41.770018+01:00,Automated match. Notebook: Match - Match emissions with suffix ion,,,
SimaPro9.4,Nickel,85D53983-1843-4FB4-ADF3-90C6612FF7D2,Emissions to water/ocean,kg,=,1.0,ecoinventEFv3.7,"Nickel, ion",23cb10a4-6228-4ce4-9fb5-7043bc31faec,water/ocean,kg,Chris Mutel,,2023-01-10T17:34:41.770018+01:00,Automated match. Notebook: Match - Match emissions with suffix ion,,,
SimaPro9.4,Nickel,85D53983-1843-4FB4-ADF3-90C6612FF7D2,Emissions to water/lake,kg,=,1.0,ecoinventEFv3.7,"Nickel, ion",9798359e-a3ee-4362-a038-23a188582c6e,water/surface water,kg,Chris Mutel,,2023-01-10T17:34:41.770018+01:00,Automated match. Notebook: Match - Match emissions with suffix ion,,,
SimaPro9.4,Nickel,85D53983-1843-4FB4-ADF3-90C6612FF7D2,Emissions to water/river,kg,=,1.0,ecoinventEFv3.7,"Nickel, ion",9798359e-a3ee-4362-a038-23a188582c6e,water/surface water,kg,Chris Mutel,,2023-01-10T17:34:41.770018+01:00,Automated match. Notebook: Match - Match emissions with suffix ion,,,
SimaPro9.4,Nickel,85D53983-1843-4FB4-ADF3-90C6612FF7D2,"Emissions to water/river, long-term",kg,=,1.0,ecoinventEFv3.7,"Nickel, ion",9798359e-a3ee-4362-a038-23a188582c6e,water/surface water,kg,Chris Mutel,,2023-01-10T17:34:41.770018+01:00,Automated match. Notebook: Match - Match emissions with suffix ion,,,
SimaPro9.4,Nickel,85D53983-1843-4FB4-ADF3-90C6612FF7D2,Emissions to water/(unspecified),kg,=,1.0,ecoinventEFv3.7,"Nickel, ion",6ec6cdaa-5a01-46d4-b716-1905e56690ea,water/unspecified,kg,Chris Mutel,,2023-01-10T17:34:41.770018+01:00,Automated match. Notebook: Match - Match emissions with suffix ion,,,
SimaPro9.4,Perchlorate,2CF34936-6AE3-459F-9163-313D3358EE58,Emissions to water/groundwater,kg,=,1.0,ecoinventEFv3.7,"Perchlorate, ion",74f5020d-ee9e-400b-9e64-03dead9e4ffa,water/ground-,kg,Chris Mutel,,2023-01-10T17:34:41.770018+01:00,Automated match. Notebook: Match - Match emissions with suffix ion,,,
SimaPro9.4,Perchlorate,2CF34936-6AE3-459F-9163-313D3358EE58,"Emissions to water/groundwater, long-term",kg,=,1.0,ecoinventEFv3.7,"Perchlorate, ion",fa30d40e-91e8-4a8a-b9e1-f1a6b330a096,"water/ground-, long-term",kg,Chris Mutel,,2023-01-10T17:34:41.770018+01:00,Automated match. Notebook: Match - Match emissions with suffix ion,,,
SimaPro9.4,Perchlorate,2CF34936-6AE3-459F-9163-313D3358EE58,Emissions to water/ocean,kg,=,1.0,ecoinventEFv3.7,"Perchlorate, ion",de333139-a26f-42de-ba1b-c7c24c2964bc,water/ocean,kg,Chris Mutel,,2023-01-10T17:34:41.770018+01:00,Automated match. Notebook: Match - Match emissions with suffix ion,,,
SimaPro9.4,Perchlorate,2CF34936-6AE3-459F-9163-313D3358EE58,Emissions to water/lake,kg,=,1.0,ecoinventEFv3.7,"Perchlorate, ion",b59faa48-28a7-485e-b8c1-6284dff23282,water/surface water,kg,Chris Mutel,,2023-01-10T17:34:41.770018+01:00,Automated match. Notebook: Match - Match emissions with suffix ion,,,
SimaPro9.4,Perchlorate,2CF34936-6AE3-459F-9163-313D3358EE58,Emissions to water/river,kg,=,1.0,ecoinventEFv3.7,"Perchlorate, ion",b59faa48-28a7-485e-b8c1-6284dff23282,water/surface water,kg,Chris Mutel,,2023-01-10T17:34:41.770018+01:00,Automated match. Notebook: Match - Match emissions with suffix ion,,,
SimaPro9.4,Perchlorate,2CF34936-6AE3-459F-9163-313D3358EE58,"Emissions to water/river, long-term",kg,=,1.0,ecoinventEFv3.7,"Perchlorate, ion",b59faa48-28a7-485e-b8c1-6284dff23282,water/surface water,kg,Chris Mutel,,2023-01-10T17:34:41.770018+01:00,Automated match. Notebook: Match - Match emissions with suffix ion,,,
SimaPro9.4,Perchlorate,2CF34936-6AE3-459F-9163-313D3358EE58,Emissions to water/(unspecified),kg,=,1.0,ecoinventEFv3.7,"Perchlorate, ion",4f722a22-e077-4626-830a-c57d856decc0,water/unspecified,kg,Chris Mutel,,2023-01-10T17:34:41.770018+01:00,Automated match. Notebook: Match - Match emissions with suffix ion,,,
SimaPro9.4,Potassium,46F50F0A-22A6-456F-8DEB-5703925FD3A8,Emissions to water/groundwater,kg,=,1.0,ecoinventEFv3.7,"Potassium, ion",a07b8a8c-8cab-4656-a82f-310e8069e323,water/ground-,kg,Chris Mutel,,2023-01-10T17:34:41.770018+01:00,Automated match. Notebook: Match - Match emissions with suffix ion,,,
SimaPro9.4,Potassium,46F50F0A-22A6-456F-8DEB-5703925FD3A8,"Emissions to water/groundwater, long-term",kg,=,1.0,ecoinventEFv3.7,"Potassium, ion",b93fc4df-91b2-4ac4-a315-89147515ddfb,"water/ground-, long-term",kg,Chris Mutel,,2023-01-10T17:34:41.770018+01:00,Automated match. Notebook: Match - Match emissions with suffix ion,,,
SimaPro9.4,Potassium,46F50F0A-22A6-456F-8DEB-5703925FD3A8,Emissions to water/ocean,kg,=,1.0,ecoinventEFv3.7,"Potassium, ion",297cc04f-e215-433c-ae3b-d1e34464c785,water/ocean,kg,Chris Mutel,,2023-01-10T17:34:41.770018+01:00,Automated match. Notebook: Match - Match emissions with suffix ion,,,
SimaPro9.4,Potassium,46F50F0A-22A6-456F-8DEB-5703925FD3A8,Emissions to water/lake,kg,=,1.0,ecoinventEFv3.7,"Potassium, ion",1653bf60-f682-4088-b02d-6dc44eae2786,water/surface water,kg,Chris Mutel,,2023-01-10T17:34:41.770018+01:00,Automated match. Notebook: Match - Match emissions with suffix ion,,,
SimaPro9.4,Potassium,46F50F0A-22A6-456F-8DEB-5703925FD3A8,Emissions to water/river,kg,=,1.0,ecoinventEFv3.7,"Potassium, ion",1653bf60-f682-4088-b02d-6dc44eae2786,water/surface water,kg,Chris Mutel,,2023-01-10T17:34:41.770018+01:00,Automated match. Notebook: Match - Match emissions with suffix ion,,,
SimaPro9.4,Potassium,46F50F0A-22A6-456F-8DEB-5703925FD3A8,"Emissions to water/river, long-term",kg,=,1.0,ecoinventEFv3.7,"Potassium, ion",1653bf60-f682-4088-b02d-6dc44eae2786,water/surface water,kg,Chris Mutel,,2023-01-10T17:34:41.770018+01:00,Automated match. Notebook: Match - Match emissions with suffix ion,,,
SimaPro9.4,Potassium,46F50F0A-22A6-456F-8DEB-5703925FD3A8,Emissions to water/(unspecified),kg,=,1.0,ecoinventEFv3.7,"Potassium, ion",130bbacf-e7c7-4ffd-b109-4d576f1d02c1,water/unspecified,kg,Chris Mutel,,2023-01-10T17:34:41.770018+01:00,Automated match. Notebook: Match - Match emissions with suffix ion,,,
SimaPro9.4,Silver,2F68EA95-FC6C-4DA4-8E21-B902114E5715,Emissions to water/groundwater,kg,=,1.0,ecoinventEFv3.7,"Silver, ion",71cfe87c-ab80-421e-adba-afb7d5bd0861,water/ground-,kg,Chris Mutel,,2023-01-10T17:34:41.770018+01:00,Automated match. Notebook: Match - Match emissions with suffix ion,,,
SimaPro9.4,Silver,2F68EA95-FC6C-4DA4-8E21-B902114E5715,"Emissions to water/groundwater, long-term",kg,=,1.0,ecoinventEFv3.7,"Silver, ion",94426df9-63b1-4dc6-ad1b-3509e22f1154,"water/ground-, long-term",kg,Chris Mutel,,2023-01-10T17:34:41.770018+01:00,Automated match. Notebook: Match - Match emissions with suffix ion,,,
SimaPro9.4,Silver,2F68EA95-FC6C-4DA4-8E21-B902114E5715,Emissions to water/ocean,kg,=,1.0,ecoinventEFv3.7,"Silver, ion",21c257b2-57ce-4a6e-b4bd-40f0f75f310f,water/ocean,kg,Chris Mutel,,2023-01-10T17:34:41.770018+01:00,Automated match. Notebook: Match - Match emissions with suffix ion,,,
SimaPro9.4,Silver,2F68EA95-FC6C-4DA4-8E21-B902114E5715,Emissions to water/lake,kg,=,1.0,ecoinventEFv3.7,"Silver, ion",af9793ba-25a1-4928-a14a-4bcf7d5bd3f7,water/surface water,kg,Chris Mutel,,2023-01-10T17:34:41.770018+01:00,Automated match. Notebook: Match - Match emissions with suffix ion,,,
SimaPro9.4,Silver,2F68EA95-FC6C-4DA4-8E21-B902114E5715,Emissions to water/river,kg,=,1.0,ecoinventEFv3.7,"Silver, ion",af9793ba-25a1-4928-a14a-4bcf7d5bd3f7,water/surface water,kg,Chris Mutel,,2023-01-10T17:34:41.770018+01:00,Automated match. Notebook: Match - Match emissions with suffix ion,,,
SimaPro9.4,Silver,2F68EA95-FC6C-4DA4-8E21-B902114E5715,"Emissions to water/river, long-term",kg,=,1.0,ecoinventEFv3.7,"Silver, ion",af9793ba-25a1-4928-a14a-4bcf7d5bd3f7,water/surface water,kg,Chris Mutel,,2023-01-10T17:34:41.770018+01:00,Automated match. Notebook: Match - Match emissions with suffix ion,,,
SimaPro9.4,Silver,2F68EA95-FC6C-4DA4-8E21-B902114E5715,Emissions to water/(unspecified),kg,=,1.0,ecoinventEFv3.7,"Silver, ion",6aa8673f-f7e3-4270-93dc-e97b745fced7,water/unspecified,kg,Chris Mutel,,2023-01-10T17:34:41.770018+01:00,Automated match. Notebook: Match - Match emissions with suffix ion,,,
SimaPro9.4,Sodium,1E1BE5C3-E4E9-4628-90C0-0B6B65F1FE7B,Emissions to water/groundwater,kg,=,1.0,ecoinventEFv3.7,"Sodium, ion",ee9fdd7c-5e29-4bdb-852a-3258f06ec2ab,water/ground-,kg,Chris Mutel,,2023-01-10T17:34:41.770018+01:00,Automated match. Notebook: Match - Match emissions with suffix ion,,,
SimaPro9.4,Sodium,1E1BE5C3-E4E9-4628-90C0-0B6B65F1FE7B,"Emissions to water/groundwater, long-term",kg,=,1.0,ecoinventEFv3.7,"Sodium, ion",fb83d61e-6fe3-4da7-8eb2-b0e2dc85a76d,"water/ground-, long-term",kg,Chris Mutel,,2023-01-10T17:34:41.770018+01:00,Automated match. Notebook: Match - Match emissions with suffix ion,,,
SimaPro9.4,Sodium,1E1BE5C3-E4E9-4628-90C0-0B6B65F1FE7B,Emissions to water/ocean,kg,=,1.0,ecoinventEFv3.7,"Sodium, ion",9310f497-3205-4717-aaa8-1a94c321f7d8,water/ocean,kg,Chris Mutel,,2023-01-10T17:34:41.770018+01:00,Automated match. Notebook: Match - Match emissions with suffix ion,,,
SimaPro9.4,Sodium,1E1BE5C3-E4E9-4628-90C0-0B6B65F1FE7B,Emissions to water/lake,kg,=,1.0,ecoinventEFv3.7,"Sodium, ion",1fc409bc-b8e7-48b2-92d5-2ced4aa7bae2,water/surface water,kg,Chris Mutel,,2023-01-10T17:34:41.770018+01:00,Automated match. Notebook: Match - Match emissions with suffix ion,,,
SimaPro9.4,Sodium,1E1BE5C3-E4E9-4628-90C0-0B6B65F1FE7B,Emissions to water/river,kg,=,1.0,ecoinventEFv3.7,"Sodium, ion",1fc409bc-b8e7-48b2-92d5-2ced4aa7bae2,water/surface water,kg,Chris Mutel,,2023-01-10T17:34:41.770018+01:00,Automated match. Notebook: Match - Match emissions with suffix ion,,,
SimaPro9.4,Sodium,1E1BE5C3-E4E9-4628-90C0-0B6B65F1FE7B,"Emissions to water/river, long-term",kg,=,1.0,ecoinventEFv3.7,"Sodium, ion",1fc409bc-b8e7-48b2-92d5-2ced4aa7bae2,water/surface water,kg,Chris Mutel,,2023-01-10T17:34:41.770018+01:00,Automated match. Notebook: Match - Match emissions with suffix ion,,,
SimaPro9.4,Sodium,1E1BE5C3-E4E9-4628-90C0-0B6B65F1FE7B,Emissions to water/(unspecified),kg,=,1.0,ecoinventEFv3.7,"Sodium, ion",5ac961f0-8e53-42ff-b13f-1a7fb9133868,water/unspecified,kg,Chris Mutel,,2023-01-10T17:34:41.770018+01:00,Automated match. Notebook: Match - Match emissions with suffix ion,,,
SimaPro9.4,Sulfate,69AA2064-9318-47E3-94B9-B62FB3B7D5C9,Emissions to water/groundwater,kg,=,1.0,ecoinventEFv3.7,"Sulfate, ion",b8c794de-ac20-47f6-ae87-84d91e95da93,water/ground-,kg,Chris Mutel,,2023-01-10T17:34:41.770018+01:00,Automated match. Notebook: Match - Match emissions with suffix ion,,,
SimaPro9.4,Sulfate,69AA2064-9318-47E3-94B9-B62FB3B7D5C9,Emissions to water/(unspecified),kg,=,1.0,ecoinventEFv3.7,"Sulfate, ion",f3e5bff4-5bdf-55d7-8dd9-3cac7b09e57f,water/unspecified,kg,Chris Mutel,,2023-01-10T17:34:41.770018+01:00,Automated match. Notebook: Match - Match emissions with suffix ion,,,
SimaPro9.4,Tin,9346714A-3A8B-4D24-A915-71B9FF925B58,Emissions to water/groundwater,kg,=,1.0,ecoinventEFv3.7,"Tin, ion",f73177d8-5e57-4f0d-ba34-6889cfdfed40,water/ground-,kg,Chris Mutel,,2023-01-10T17:34:41.770018+01:00,Automated match. Notebook: Match - Match emissions with suffix ion,,,
SimaPro9.4,Tin,9346714A-3A8B-4D24-A915-71B9FF925B58,"Emissions to water/groundwater, long-term",kg,=,1.0,ecoinventEFv3.7,"Tin, ion",60a6702f-20ad-444f-a6df-f6374f1e3183,"water/ground-, long-term",kg,Chris Mutel,,2023-01-10T17:34:41.770018+01:00,Automated match. Notebook: Match - Match emissions with suffix ion,,,
SimaPro9.4,Tin,9346714A-3A8B-4D24-A915-71B9FF925B58,Emissions to water/ocean,kg,=,1.0,ecoinventEFv3.7,"Tin, ion",2a992e5e-9f16-47b8-8bcb-733d00bed658,water/ocean,kg,Chris Mutel,,2023-01-10T17:34:41.770018+01:00,Automated match. Notebook: Match - Match emissions with suffix ion,,,
SimaPro9.4,Tin,9346714A-3A8B-4D24-A915-71B9FF925B58,Emissions to water/lake,kg,=,1.0,ecoinventEFv3.7,"Tin, ion",3ddb2e36-bc1b-43a5-8ef4-cbcdbeeeea70,water/surface water,kg,Chris Mutel,,2023-01-10T17:34:41.770018+01:00,Automated match. Notebook: Match - Match emissions with suffix ion,,,
SimaPro9.4,Tin,9346714A-3A8B-4D24-A915-71B9FF925B58,Emissions to water/river,kg,=,1.0,ecoinventEFv3.7,"Tin, ion",3ddb2e36-bc1b-43a5-8ef4-cbcdbeeeea70,water/surface water,kg,Chris Mutel,,2023-01-10T17:34:41.770018+01:00,Automated match. Notebook: Match - Match emissions with suffix ion,,,
SimaPro9.4,Tin,9346714A-3A8B-4D24-A915-71B9FF925B58,"Emissions to water/river, long-term",kg,=,1.0,ecoinventEFv3.7,"Tin, ion",3ddb2e36-bc1b-43a5-8ef4-cbcdbeeeea70,water/surface water,kg,Chris Mutel,,2023-01-10T17:34:41.770018+01:00,Automated match. Notebook: Match - Match emissions with suffix ion,,,
SimaPro9.4,Tin,9346714A-3A8B-4D24-A915-71B9FF925B58,Emissions to water/(unspecified),kg,=,1.0,ecoinventEFv3.7,"Tin, ion",d5c40848-fc29-47fa-90a4-46db64a45a4e,water/unspecified,kg,Chris Mutel,,2023-01-10T17:34:41.770018+01:00,Automated match. Notebook: Match - Match emissions with suffix ion,,,
SimaPro9.4,Titanium,60AEF198-425F-43D5-AF67-D17598D73132,Emissions to water/groundwater,kg,=,1.0,ecoinventEFv3.7,"Titanium, ion",e2380d91-f278-41ee-9926-15272a7d1443,water/ground-,kg,Chris Mutel,,2023-01-10T17:34:41.770018+01:00,Automated match. Notebook: Match - Match emissions with suffix ion,,,
SimaPro9.4,Titanium,60AEF198-425F-43D5-AF67-D17598D73132,"Emissions to water/groundwater, long-term",kg,=,1.0,ecoinventEFv3.7,"Titanium, ion",2a46e7f4-c66c-43e5-8a8a-d119c4098aff,"water/ground-, long-term",kg,Chris Mutel,,2023-01-10T17:34:41.770018+01:00,Automated match. Notebook: Match - Match emissions with suffix ion,,,
SimaPro9.4,Titanium,60AEF198-425F-43D5-AF67-D17598D73132,Emissions to water/ocean,kg,=,1.0,ecoinventEFv3.7,"Titanium, ion",2beb46d1-2d1d-48ca-bf95-f0668fed29bf,water/ocean,kg,Chris Mutel,,2023-01-10T17:34:41.770018+01:00,Automated match. Notebook: Match - Match emissions with suffix ion,,,
SimaPro9.4,Titanium,60AEF198-425F-43D5-AF67-D17598D73132,Emissions to water/lake,kg,=,1.0,ecoinventEFv3.7,"Titanium, ion",ff36578b-f403-4656-b934-81d8d4e02dc8,water/surface water,kg,Chris Mutel,,2023-01-10T17:34:41.770018+01:00,Automated match. Notebook: Match - Match emissions with suffix ion,,,
SimaPro9.4,Titanium,60AEF198-425F-43D5-AF67-D17598D73132,Emissions to water/river,kg,=,1.0,ecoinventEFv3.7,"Titanium, ion",ff36578b-f403-4656-b934-81d8d4e02dc8,water/surface water,kg,Chris Mutel,,2023-01-10T17:34:41.770018+01:00,Automated match. Notebook: Match - Match emissions with suffix ion,,,
SimaPro9.4,Titanium,60AEF198-425F-43D5-AF67-D17598D73132,"Emissions to water/river, long-term",kg,=,1.0,ecoinventEFv3.7,"Titanium, ion",ff36578b-f403-4656-b934-81d8d4e02dc8,water/surface water,kg,Chris Mutel,,2023-01-10T17:34:41.770018+01:00,Automated match. Notebook: Match - Match emissions with suffix ion,,,
SimaPro9.4,Titanium,60AEF198-425F-43D5-AF67-D17598D73132,Emissions to water/(unspecified),kg,=,1.0,ecoinventEFv3.7,"Titanium, ion",a4c31e2a-915e-4ab2-accd-d3ae93d2e01e,water/unspecified,kg,Chris Mutel,,2023-01-10T17:34:41.770018+01:00,Automated match. Notebook: Match - Match emissions with suffix ion,,,
SimaPro9.4,Vanadium,79C199E3-132C-4531-8E28-C884E4E53511,Emissions to water/groundwater,kg,=,1.0,ecoinventEFv3.7,"Vanadium, ion",ed1fd27e-014a-41cf-842f-7b2022b0be79,water/ground-,kg,Chris Mutel,,2023-01-10T17:34:41.770018+01:00,Automated match. Notebook: Match - Match emissions with suffix ion,,,
SimaPro9.4,Vanadium,79C199E3-132C-4531-8E28-C884E4E53511,"Emissions to water/groundwater, long-term",kg,=,1.0,ecoinventEFv3.7,"Vanadium, ion",41dbbe1f-06e1-4a34-8497-5986be8f9e51,"water/ground-, long-term",kg,Chris Mutel,,2023-01-10T17:34:41.770018+01:00,Automated match. Notebook: Match - Match emissions with suffix ion,,,
SimaPro9.4,Vanadium,79C199E3-132C-4531-8E28-C884E4E53511,Emissions to water/ocean,kg,=,1.0,ecoinventEFv3.7,"Vanadium, ion",dbdc3ea8-cc2b-4dbe-82b9-e954e333281d,water/ocean,kg,Chris Mutel,,2023-01-10T17:34:41.770018+01:00,Automated match. Notebook: Match - Match emissions with suffix ion,,,
SimaPro9.4,Vanadium,79C199E3-132C-4531-8E28-C884E4E53511,Emissions to water/lake,kg,=,1.0,ecoinventEFv3.7,"Vanadium, ion",a46a250e-297d-43e9-b1c4-052cdcfb79c5,water/surface water,kg,Chris Mutel,,2023-01-10T17:34:41.770018+01:00,Automated match. Notebook: Match - Match emissions with suffix ion,,,
SimaPro9.4,Vanadium,79C199E3-132C-4531-8E28-C884E4E53511,Emissions to water/river,kg,=,1.0,ecoinventEFv3.7,"Vanadium, ion",a46a250e-297d-43e9-b1c4-052cdcfb79c5,water/surface water,kg,Chris Mutel,,2023-01-10T17:34:41.770018+01:00,Automated match. Notebook: Match - Match emissions with suffix ion,,,
SimaPro9.4,Vanadium,79C199E3-132C-4531-8E28-C884E4E53511,"Emissions to water/river, long-term",kg,=,1.0,ecoinventEFv3.7,"Vanadium, ion",a46a250e-297d-43e9-b1c4-052cdcfb79c5,water/surface water,kg,Chris Mutel,,2023-01-10T17:34:41.770018+01:00,Automated match. Notebook: Match - Match emissions with suffix ion,,,
SimaPro9.4,Vanadium,79C199E3-132C-4531-8E28-C884E4E53511,Emissions to water/(unspecified),kg,=,1.0,ecoinventEFv3.7,"Vanadium, ion",20839113-fbf2-4d2f-bab8-66861f86bc60,water/unspecified,kg,Chris Mutel,,2023-01-10T17:34:41.770018+01:00,Automated match. Notebook: Match - Match emissions with suffix ion,,,
SimaPro9.4,Zinc,A21C3CA3-E4A9-436D-B0C0-EEB9A2E1ADE7,Emissions to water/groundwater,kg,=,1.0,ecoinventEFv3.7,"Zinc, ion",7e769b3e-03fb-4b53-be15-85a910dcfea9,water/ground-,kg,Chris Mutel,,2023-01-10T17:34:41.770018+01:00,Automated match. Notebook: Match - Match emissions with suffix ion,,,
SimaPro9.4,Zinc,A21C3CA3-E4A9-436D-B0C0-EEB9A2E1ADE7,"Emissions to water/groundwater, long-term",kg,=,1.0,ecoinventEFv3.7,"Zinc, ion",bdce3a7c-e008-4391-be26-285f71a02453,"water/ground-, long-term",kg,Chris Mutel,,2023-01-10T17:34:41.770018+01:00,Automated match. Notebook: Match - Match emissions with suffix ion,,,
SimaPro9.4,Zinc,A21C3CA3-E4A9-436D-B0C0-EEB9A2E1ADE7,Emissions to water/ocean,kg,=,1.0,ecoinventEFv3.7,"Zinc, ion",2195d86f-e4c8-4e86-9f18-b5b065b1df7e,water/ocean,kg,Chris Mutel,,2023-01-10T17:34:41.770018+01:00,Automated match. Notebook: Match - Match emissions with suffix ion,,,
SimaPro9.4,Zinc,A21C3CA3-E4A9-436D-B0C0-EEB9A2E1ADE7,Emissions to water/lake,kg,=,1.0,ecoinventEFv3.7,"Zinc, ion",541b633c-17a3-4047-bce6-0c0e4fdb7c10,water/surface water,kg,Chris Mutel,,2023-01-10T17:34:41.770018+01:00,Automated match. Notebook: Match - Match emissions with suffix ion,,,
SimaPro9.4,Zinc,A21C3CA3-E4A9-436D-B0C0-EEB9A2E1ADE7,Emissions to water/river,kg,=,1.0,ecoinventEFv3.7,"Zinc, ion",541b633c-17a3-4047-bce6-0c0e4fdb7c10,water/surface water,kg,Chris Mutel,,2023-01-10T17:34:41.770018+01:00,Automated match. Notebook: Match - Match emissions with suffix ion,,,
SimaPro9.4,Zinc,A21C3CA3-E4A9-436D-B0C0-EEB9A2E1ADE7,"Emissions to water/river, long-term",kg,=,1.0,ecoinventEFv3.7,"Zinc, ion",541b633c-17a3-4047-bce6-0c0e4fdb7c10,water/surface water,kg,Chris Mutel,,2023-01-10T17:34:41.770018+01:00,Automated match. Notebook: Match - Match emissions with suffix ion,,,
SimaPro9.4,Zinc,A21C3CA3-E4A9-436D-B0C0-EEB9A2E1ADE7,Emissions to water/(unspecified),kg,=,1.0,ecoinventEFv3.7,"Zinc, ion",2c7be02c-791f-4fef-b231-b90321bbeb30,water/unspecified,kg,Chris Mutel,,2023-01-10T17:34:41.770018+01:00,Automated match. Notebook: Match - Match emissions with suffix ion,,,
